{
    "type": "FeatureCollection",
    "features": [
        {
            "type": "Feature",
            "properties": {
                "name": "1 мкр",
                "osm_id": 327570454
            },
            "geometry": {
                "type": "Polygon",
                "coordinates": [
                    [
                        [
                            51.173739,
                            43.635282
                        ],
                        [
                            51.183609,
                            43.634817
                        ],
                        [
                            51.184367,
                            43.634858
                        ],
                        [
                            51.185133,
                            43.63491
                        ],
                        [
                            51.189017,
                            43.63522
                        ],
                        [
                            51.189125,
                            43.632283
                        ],
                        [
                            51.188731,
                            43.630102
                        ],
                        [
                            51.188174,
                            43.62836
                        ],
                        [
                            51.18578,
                            43.628962
                        ],
                        [
                            51.184813,
                            43.628666
                        ],
                        [
                            51.183877,
                            43.628682
                        ],
                        [
                            51.182895,
                            43.628691
                        ],
                        [
                            51.182324,
                            43.62875
                        ],
                        [
                            51.181904,
                            43.628808
                        ],
                        [
                            51.180355,
                            43.629349
                        ],
                        [
                            51.179556,
                            43.629629
                        ],
                        [
                            51.176076,
                            43.630123
                        ],
                        [
                            51.173739,
                            43.635282
                        ]
                    ]
                ]
            }
        },
        {
            "type": "Feature",
            "properties": {
                "name": "1А мкр",
                "osm_id": 1209309726
            },
            "geometry": {
                "type": "Polygon",
                "coordinates": [
                    [
                        [
                            51.182918,
                            43.631396
                        ],
                        [
                            51.183691,
                            43.634688
                        ],
                        [
                            51.188939,
                            43.635092
                        ],
                        [
                            51.188932,
                            43.63189
                        ],
                        [
                            51.188932,
                            43.631779
                        ],
                        [
                            51.188694,
                            43.630677
                        ],
                        [
                            51.188602,
                            43.6303
                        ],
                        [
                            51.187394,
                            43.630637
                        ],
                        [
                            51.182918,
                            43.631396
                        ]
                    ]
                ]
            }
        },
        {
            "type": "Feature",
            "properties": {
                "name": "1Б мкр",
                "osm_id": 1209310087
            },
            "geometry": {
                "type": "Polygon",
                "coordinates": [
                    [
                        [
                            51.182752,
                            43.631173
                        ],
                        [
                            51.184364,
                            43.63092
                        ],
                        [
                            51.186624,
                            43.630565
                        ],
                        [
                            51.18738,
                            43.630446
                        ],
                        [
                            51.188478,
                            43.630126
                        ],
                        [
                            51.188198,
                            43.629035
                        ],
                        [
                            51.188098,
                            43.628647
                        ],
                        [
                            51.188061,
                            43.628502
                        ],
                        [
                            51.185774,
                            43.629035
                        ],
                        [
                            51.185014,
                            43.628774
                        ],
                        [
                            51.18501,
                            43.628773
                        ],
                        [
                            51.184783,
                            43.628695
                        ],
                        [
                            51.18225,
                            43.628917
                        ],
                        [
                            51.182752,
                            43.631173
                        ]
                    ]
                ]
            }
        },
        {
            "type": "Feature",
            "properties": {
                "name": "2 мкр",
                "osm_id": 231187787
            },
            "geometry": {
                "type": "Polygon",
                "coordinates": [
                    [
                        [
                            51.165844,
                            43.639064
                        ],
                        [
                            51.168982,
                            43.640702
                        ],
                        [
                            51.171314,
                            43.641919
                        ],
                        [
                            51.173262,
                            43.639953
                        ],
                        [
                            51.173498,
                            43.63549
                        ],
                        [
                            51.169395,
                            43.635395
                        ],
                        [
                            51.169191,
                            43.635589
                        ],
                        [
                            51.165844,
                            43.639064
                        ]
                    ]
                ]
            }
        },
        {
            "type": "Feature",
            "properties": {
                "name": "3 мкр",
                "osm_id": 327570293
            },
            "geometry": {
                "type": "Polygon",
                "coordinates": [
                    [
                        [
                            51.173484,
                            43.639873
                        ],
                        [
                            51.180991,
                            43.638895
                        ],
                        [
                            51.182629,
                            43.638682
                        ],
                        [
                            51.184167,
                            43.638482
                        ],
                        [
                            51.184162,
                            43.638449
                        ],
                        [
                            51.183881,
                            43.636813
                        ],
                        [
                            51.183494,
                            43.635112
                        ],
                        [
                            51.183327,
                            43.635011
                        ],
                        [
                            51.174146,
                            43.635493
                        ],
                        [
                            51.173894,
                            43.635507
                        ],
                        [
                            51.17358,
                            43.635523
                        ],
                        [
                            51.173484,
                            43.639873
                        ]
                    ]
                ]
            }
        },
        {
            "type": "Feature",
            "properties": {
                "name": "3А мкр",
                "osm_id": 327570564
            },
            "geometry": {
                "type": "Polygon",
                "coordinates": [
                    [
                        [
                            51.184449,
                            43.638495
                        ],
                        [
                            51.186444,
                            43.638216
                        ],
                        [
                            51.1873,
                            43.637766
                        ],
                        [
                            51.187348,
                            43.63774
                        ],
                        [
                            51.187987,
                            43.637405
                        ],
                        [
                            51.188377,
                            43.6372
                        ],
                        [
                            51.18866,
                            43.637051
                        ],
                        [
                            51.188952,
                            43.636898
                        ],
                        [
                            51.189017,
                            43.6355
                        ],
                        [
                            51.185706,
                            43.635124
                        ],
                        [
                            51.185639,
                            43.635091
                        ],
                        [
                            51.185596,
                            43.63507
                        ],
                        [
                            51.185445,
                            43.635067
                        ],
                        [
                            51.185084,
                            43.635026
                        ],
                        [
                            51.184912,
                            43.635024
                        ],
                        [
                            51.1845,
                            43.635019
                        ],
                        [
                            51.183864,
                            43.635008
                        ],
                        [
                            51.183704,
                            43.635006
                        ],
                        [
                            51.183622,
                            43.635141
                        ],
                        [
                            51.184449,
                            43.638495
                        ]
                    ]
                ]
            }
        },
        {
            "type": "Feature",
            "properties": {
                "name": "3Б мкр",
                "osm_id": 327570948
            },
            "geometry": {
                "type": "Polygon",
                "coordinates": [
                    [
                        [
                            51.175465,
                            43.642354
                        ],
                        [
                            51.184918,
                            43.640982
                        ],
                        [
                            51.186699,
                            43.640236
                        ],
                        [
                            51.191749,
                            43.637764
                        ],
                        [
                            51.191788,
                            43.637669
                        ],
                        [
                            51.191739,
                            43.635482
                        ],
                        [
                            51.189236,
                            43.635441
                        ],
                        [
                            51.189278,
                            43.636965
                        ],
                        [
                            51.18657,
                            43.638351
                        ],
                        [
                            51.17354,
                            43.640029
                        ],
                        [
                            51.174057,
                            43.640653
                        ],
                        [
                            51.174249,
                            43.640885
                        ],
                        [
                            51.174427,
                            43.6411
                        ],
                        [
                            51.175465,
                            43.642354
                        ]
                    ]
                ]
            }
        },
        {
            "type": "Feature",
            "properties": {
                "name": "4 мкр",
                "osm_id": 186683676
            },
            "geometry": {
                "type": "Polygon",
                "coordinates": [
                    [
                        [
                            51.166262,
                            43.629217
                        ],
                        [
                            51.166335,
                            43.629355
                        ],
                        [
                            51.166798,
                            43.630526
                        ],
                        [
                            51.168089,
                            43.633817
                        ],
                        [
                            51.168558,
                            43.635038
                        ],
                        [
                            51.169089,
                            43.635325
                        ],
                        [
                            51.165014,
                            43.639443
                        ],
                        [
                            51.164852,
                            43.639462
                        ],
                        [
                            51.163614,
                            43.638808
                        ],
                        [
                            51.163593,
                            43.638653
                        ],
                        [
                            51.164007,
                            43.638209
                        ],
                        [
                            51.158368,
                            43.635262
                        ],
                        [
                            51.158364,
                            43.635135
                        ],
                        [
                            51.159753,
                            43.633731
                        ],
                        [
                            51.163525,
                            43.630823
                        ],
                        [
                            51.163672,
                            43.630681
                        ],
                        [
                            51.163798,
                            43.630509
                        ],
                        [
                            51.163883,
                            43.630322
                        ],
                        [
                            51.164077,
                            43.629146
                        ],
                        [
                            51.164103,
                            43.629055
                        ],
                        [
                            51.16414,
                            43.628976
                        ],
                        [
                            51.164191,
                            43.628905
                        ],
                        [
                            51.164286,
                            43.628824
                        ],
                        [
                            51.164409,
                            43.628753
                        ],
                        [
                            51.16454,
                            43.62871
                        ],
                        [
                            51.164714,
                            43.628681
                        ],
                        [
                            51.16493,
                            43.628677
                        ],
                        [
                            51.165146,
                            43.628688
                        ],
                        [
                            51.165327,
                            43.628712
                        ],
                        [
                            51.165508,
                            43.628749
                        ],
                        [
                            51.165721,
                            43.628813
                        ],
                        [
                            51.165905,
                            43.628895
                        ],
                        [
                            51.165957,
                            43.628929
                        ],
                        [
                            51.166036,
                            43.629042
                        ],
                        [
                            51.166128,
                            43.629139
                        ],
                        [
                            51.166262,
                            43.629217
                        ]
                    ]
                ]
            }
        },
        {
            "type": "Feature",
            "properties": {
                "name": "4А мкр",
                "osm_id": 1227816847
            },
            "geometry": {
                "type": "Polygon",
                "coordinates": [
                    [
                        [
                            51.169423,
                            43.635099
                        ],
                        [
                            51.173442,
                            43.635176
                        ],
                        [
                            51.17594,
                            43.630116
                        ],
                        [
                            51.171569,
                            43.630471
                        ],
                        [
                            51.169567,
                            43.63049
                        ],
                        [
                            51.1681,
                            43.629528
                        ],
                        [
                            51.167662,
                            43.627825
                        ],
                        [
                            51.166787,
                            43.627087
                        ],
                        [
                            51.16636,
                            43.626206
                        ],
                        [
                            51.165751,
                            43.626079
                        ],
                        [
                            51.163139,
                            43.627234
                        ],
                        [
                            51.162768,
                            43.627747
                        ],
                        [
                            51.162261,
                            43.629532
                        ],
                        [
                            51.161749,
                            43.630907
                        ],
                        [
                            51.156881,
                            43.63421
                        ],
                        [
                            51.158119,
                            43.634906
                        ],
                        [
                            51.158276,
                            43.634994
                        ],
                        [
                            51.159293,
                            43.633967
                        ],
                        [
                            51.159651,
                            43.633619
                        ],
                        [
                            51.161529,
                            43.63215
                        ],
                        [
                            51.161647,
                            43.632017
                        ],
                        [
                            51.161964,
                            43.631767
                        ],
                        [
                            51.161987,
                            43.631781
                        ],
                        [
                            51.162026,
                            43.631777
                        ],
                        [
                            51.16209,
                            43.631727
                        ],
                        [
                            51.162096,
                            43.631662
                        ],
                        [
                            51.162546,
                            43.631307
                        ],
                        [
                            51.162646,
                            43.631295
                        ],
                        [
                            51.163289,
                            43.630799
                        ],
                        [
                            51.163502,
                            43.630615
                        ],
                        [
                            51.163623,
                            43.630457
                        ],
                        [
                            51.163705,
                            43.630283
                        ],
                        [
                            51.163745,
                            43.63009
                        ],
                        [
                            51.163928,
                            43.628881
                        ],
                        [
                            51.163959,
                            43.628794
                        ],
                        [
                            51.164015,
                            43.628723
                        ],
                        [
                            51.164103,
                            43.628651
                        ],
                        [
                            51.164199,
                            43.628602
                        ],
                        [
                            51.164289,
                            43.628575
                        ],
                        [
                            51.164398,
                            43.628559
                        ],
                        [
                            51.164948,
                            43.628547
                        ],
                        [
                            51.165168,
                            43.628558
                        ],
                        [
                            51.165368,
                            43.628585
                        ],
                        [
                            51.165567,
                            43.628626
                        ],
                        [
                            51.165869,
                            43.628732
                        ],
                        [
                            51.165999,
                            43.628821
                        ],
                        [
                            51.166258,
                            43.629061
                        ],
                        [
                            51.166362,
                            43.629207
                        ],
                        [
                            51.166436,
                            43.629355
                        ],
                        [
                            51.16822,
                            43.633841
                        ],
                        [
                            51.16913,
                            43.634855
                        ],
                        [
                            51.169423,
                            43.635099
                        ]
                    ]
                ]
            }
        },
        {
            "type": "Feature",
            "properties": {
                "name": "5 мкр",
                "osm_id": 186795954
            },
            "geometry": {
                "type": "Polygon",
                "coordinates": [
                    [
                        [
                            51.15516,
                            43.640494
                        ],
                        [
                            51.156912,
                            43.636843
                        ],
                        [
                            51.157012,
                            43.63666
                        ],
                        [
                            51.157141,
                            43.636432
                        ],
                        [
                            51.157333,
                            43.636186
                        ],
                        [
                            51.157625,
                            43.635886
                        ],
                        [
                            51.157704,
                            43.635863
                        ],
                        [
                            51.157801,
                            43.635887
                        ],
                        [
                            51.164786,
                            43.63953
                        ],
                        [
                            51.164814,
                            43.639643
                        ],
                        [
                            51.161628,
                            43.642825
                        ],
                        [
                            51.161569,
                            43.642862
                        ],
                        [
                            51.161497,
                            43.642871
                        ],
                        [
                            51.161435,
                            43.64286
                        ],
                        [
                            51.160721,
                            43.64248
                        ],
                        [
                            51.160725,
                            43.642455
                        ],
                        [
                            51.159217,
                            43.641652
                        ],
                        [
                            51.159045,
                            43.641618
                        ],
                        [
                            51.158738,
                            43.641512
                        ],
                        [
                            51.157403,
                            43.641166
                        ],
                        [
                            51.15525,
                            43.640637
                        ],
                        [
                            51.155181,
                            43.640606
                        ],
                        [
                            51.15515,
                            43.640557
                        ],
                        [
                            51.15516,
                            43.640494
                        ]
                    ]
                ]
            }
        },
        {
            "type": "Feature",
            "properties": {
                "name": "6 мкр",
                "osm_id": 417164457
            },
            "geometry": {
                "type": "Polygon",
                "coordinates": [
                    [
                        [
                            51.161838,
                            43.642928
                        ],
                        [
                            51.165592,
                            43.639191
                        ],
                        [
                            51.165767,
                            43.639188
                        ],
                        [
                            51.171192,
                            43.642042
                        ],
                        [
                            51.167431,
                            43.645944
                        ],
                        [
                            51.161851,
                            43.643086
                        ],
                        [
                            51.161838,
                            43.642928
                        ]
                    ]
                ]
            }
        },
        {
            "type": "Feature",
            "properties": {
                "name": "6А мкр",
                "osm_id": 1234605913
            },
            "geometry": {
                "type": "Polygon",
                "coordinates": [
                    [
                        [
                            51.167734,
                            43.646063
                        ],
                        [
                            51.169819,
                            43.64716
                        ],
                        [
                            51.174062,
                            43.643144
                        ],
                        [
                            51.174305,
                            43.642927
                        ],
                        [
                            51.174744,
                            43.642644
                        ],
                        [
                            51.175164,
                            43.642468
                        ],
                        [
                            51.175449,
                            43.642375
                        ],
                        [
                            51.173452,
                            43.639972
                        ],
                        [
                            51.167709,
                            43.645866
                        ],
                        [
                            51.167734,
                            43.646063
                        ]
                    ]
                ]
            }
        },
        {
            "type": "Feature",
            "properties": {
                "name": "7 мкр",
                "osm_id": 327568201
            },
            "geometry": {
                "type": "Polygon",
                "coordinates": [
                    [
                        [
                            51.151129,
                            43.644514
                        ],
                        [
                            51.156903,
                            43.64762
                        ],
                        [
                            51.161335,
                            43.643107
                        ],
                        [
                            51.161358,
                            43.643034
                        ],
                        [
                            51.161341,
                            43.642982
                        ],
                        [
                            51.161275,
                            43.642921
                        ],
                        [
                            51.159293,
                            43.641883
                        ],
                        [
                            51.159117,
                            43.641802
                        ],
                        [
                            51.158776,
                            43.641671
                        ],
                        [
                            51.157131,
                            43.641229
                        ],
                        [
                            51.155136,
                            43.640737
                        ],
                        [
                            51.155053,
                            43.640743
                        ],
                        [
                            51.154995,
                            43.640774
                        ],
                        [
                            51.151129,
                            43.644514
                        ]
                    ]
                ]
            }
        },
        {
            "type": "Feature",
            "properties": {
                "name": "7А мкр",
                "osm_id": 454615991
            },
            "geometry": {
                "type": "Polygon",
                "coordinates": [
                    [
                        [
                            51.14894,
                            43.642709
                        ],
                        [
                            51.151274,
                            43.644126
                        ],
                        [
                            51.154779,
                            43.640584
                        ],
                        [
                            51.152039,
                            43.639895
                        ],
                        [
                            51.149689,
                            43.642003
                        ],
                        [
                            51.14894,
                            43.642709
                        ]
                    ]
                ]
            }
        },
        {
            "type": "Feature",
            "properties": {
                "name": "8 мкр",
                "osm_id": 327568394
            },
            "geometry": {
                "type": "Polygon",
                "coordinates": [
                    [
                        [
                            51.167261,
                            43.646039
                        ],
                        [
                            51.161765,
                            43.643194
                        ],
                        [
                            51.161689,
                            43.64318
                        ],
                        [
                            51.161614,
                            43.643188
                        ],
                        [
                            51.161553,
                            43.643219
                        ],
                        [
                            51.158094,
                            43.646716
                        ],
                        [
                            51.157104,
                            43.647729
                        ],
                        [
                            51.157693,
                            43.648017
                        ],
                        [
                            51.158389,
                            43.648255
                        ],
                        [
                            51.158413,
                            43.64826
                        ],
                        [
                            51.163542,
                            43.648395
                        ],
                        [
                            51.164522,
                            43.648834
                        ],
                        [
                            51.165988,
                            43.649578
                        ],
                        [
                            51.166051,
                            43.649565
                        ],
                        [
                            51.166114,
                            43.649516
                        ],
                        [
                            51.166362,
                            43.649276
                        ],
                        [
                            51.166783,
                            43.648839
                        ],
                        [
                            51.167008,
                            43.648539
                        ],
                        [
                            51.167065,
                            43.648463
                        ],
                        [
                            51.167184,
                            43.648122
                        ],
                        [
                            51.167198,
                            43.648044
                        ],
                        [
                            51.167257,
                            43.648018
                        ],
                        [
                            51.167343,
                            43.647639
                        ],
                        [
                            51.167349,
                            43.646283
                        ],
                        [
                            51.167261,
                            43.646039
                        ]
                    ]
                ]
            }
        },
        {
            "type": "Feature",
            "properties": {
                "name": "9 мкр",
                "osm_id": 327568062
            },
            "geometry": {
                "type": "Polygon",
                "coordinates": [
                    [
                        [
                            51.150922,
                            43.65122
                        ],
                        [
                            51.151189,
                            43.651886
                        ],
                        [
                            51.152281,
                            43.652344
                        ],
                        [
                            51.152345,
                            43.652287
                        ],
                        [
                            51.156726,
                            43.647848
                        ],
                        [
                            51.152765,
                            43.646061
                        ],
                        [
                            51.15196,
                            43.645216
                        ],
                        [
                            51.151095,
                            43.644742
                        ],
                        [
                            51.150598,
                            43.645321
                        ],
                        [
                            51.150872,
                            43.650314
                        ],
                        [
                            51.150922,
                            43.65122
                        ]
                    ]
                ]
            }
        },
        {
            "type": "Feature",
            "properties": {
                "name": "9А мкр",
                "osm_id": 421749529
            },
            "geometry": {
                "type": "Polygon",
                "coordinates": [
                    [
                        [
                            51.150378,
                            43.645109
                        ],
                        [
                            51.14921,
                            43.645614
                        ],
                        [
                            51.145738,
                            43.64711
                        ],
                        [
                            51.145207,
                            43.646986
                        ],
                        [
                            51.145571,
                            43.646609
                        ],
                        [
                            51.145856,
                            43.646042
                        ],
                        [
                            51.147208,
                            43.644975
                        ],
                        [
                            51.148103,
                            43.643999
                        ],
                        [
                            51.148519,
                            43.643317
                        ],
                        [
                            51.148876,
                            43.642778
                        ],
                        [
                            51.150603,
                            43.643876
                        ],
                        [
                            51.151287,
                            43.64428
                        ],
                        [
                            51.150619,
                            43.644932
                        ],
                        [
                            51.150378,
                            43.645109
                        ]
                    ]
                ]
            }
        },
        {
            "type": "Feature",
            "properties": {
                "name": "10 мкр",
                "osm_id": 327567974
            },
            "geometry": {
                "type": "Polygon",
                "coordinates": [
                    [
                        [
                            51.152945,
                            43.652411
                        ],
                        [
                            51.15304,
                            43.652449
                        ],
                        [
                            51.153191,
                            43.652463
                        ],
                        [
                            51.155625,
                            43.652638
                        ],
                        [
                            51.15737,
                            43.652752
                        ],
                        [
                            51.158357,
                            43.652899
                        ],
                        [
                            51.159355,
                            43.653221
                        ],
                        [
                            51.161321,
                            43.654207
                        ],
                        [
                            51.162862,
                            43.652771
                        ],
                        [
                            51.163838,
                            43.653311
                        ],
                        [
                            51.166467,
                            43.650598
                        ],
                        [
                            51.166446,
                            43.650229
                        ],
                        [
                            51.166411,
                            43.650052
                        ],
                        [
                            51.166301,
                            43.649935
                        ],
                        [
                            51.165857,
                            43.649678
                        ],
                        [
                            51.164033,
                            43.648728
                        ],
                        [
                            51.163594,
                            43.648603
                        ],
                        [
                            51.163152,
                            43.648506
                        ],
                        [
                            51.162497,
                            43.648471
                        ],
                        [
                            51.162229,
                            43.648467
                        ],
                        [
                            51.161848,
                            43.648461
                        ],
                        [
                            51.160524,
                            43.648441
                        ],
                        [
                            51.158829,
                            43.648462
                        ],
                        [
                            51.158488,
                            43.648445
                        ],
                        [
                            51.158152,
                            43.648377
                        ],
                        [
                            51.157791,
                            43.648234
                        ],
                        [
                            51.157309,
                            43.647986
                        ],
                        [
                            51.157211,
                            43.647936
                        ],
                        [
                            51.157137,
                            43.647915
                        ],
                        [
                            51.157064,
                            43.647917
                        ],
                        [
                            51.156963,
                            43.647955
                        ],
                        [
                            51.156765,
                            43.648148
                        ],
                        [
                            51.156735,
                            43.648221
                        ],
                        [
                            51.156038,
                            43.648936
                        ],
                        [
                            51.155874,
                            43.649034
                        ],
                        [
                            51.154879,
                            43.65006
                        ],
                        [
                            51.153295,
                            43.651622
                        ],
                        [
                            51.152836,
                            43.65209
                        ],
                        [
                            51.152801,
                            43.652184
                        ],
                        [
                            51.152792,
                            43.652256
                        ],
                        [
                            51.152831,
                            43.652325
                        ],
                        [
                            51.152945,
                            43.652411
                        ]
                    ]
                ]
            }
        },
        {
            "type": "Feature",
            "properties": {
                "name": "11 мкр",
                "osm_id": 326673940
            },
            "geometry": {
                "type": "Polygon",
                "coordinates": [
                    [
                        [
                            51.148792,
                            43.655709
                        ],
                        [
                            51.148285,
                            43.65544
                        ],
                        [
                            51.148214,
                            43.65534
                        ],
                        [
                            51.148234,
                            43.655217
                        ],
                        [
                            51.148625,
                            43.654834
                        ],
                        [
                            51.149772,
                            43.653683
                        ],
                        [
                            51.150092,
                            43.653455
                        ],
                        [
                            51.1505,
                            43.653251
                        ],
                        [
                            51.151081,
                            43.653025
                        ],
                        [
                            51.151777,
                            43.652771
                        ],
                        [
                            51.152633,
                            43.652584
                        ],
                        [
                            51.152796,
                            43.652569
                        ],
                        [
                            51.153106,
                            43.652579
                        ],
                        [
                            51.153918,
                            43.652652
                        ],
                        [
                            51.154695,
                            43.652721
                        ],
                        [
                            51.156962,
                            43.652932
                        ],
                        [
                            51.157949,
                            43.653071
                        ],
                        [
                            51.158482,
                            43.653189
                        ],
                        [
                            51.159347,
                            43.653493
                        ],
                        [
                            51.160281,
                            43.653935
                        ],
                        [
                            51.161091,
                            43.654344
                        ],
                        [
                            51.161146,
                            43.65438
                        ],
                        [
                            51.161161,
                            43.65439
                        ],
                        [
                            51.161177,
                            43.654433
                        ],
                        [
                            51.161179,
                            43.654475
                        ],
                        [
                            51.161145,
                            43.654524
                        ],
                        [
                            51.161137,
                            43.654534
                        ],
                        [
                            51.161087,
                            43.654592
                        ],
                        [
                            51.159765,
                            43.655918
                        ],
                        [
                            51.158166,
                            43.657564
                        ],
                        [
                            51.156284,
                            43.659435
                        ],
                        [
                            51.156204,
                            43.659475
                        ],
                        [
                            51.156124,
                            43.65949
                        ],
                        [
                            51.15606,
                            43.659486
                        ],
                        [
                            51.155936,
                            43.659443
                        ],
                        [
                            51.154575,
                            43.658728
                        ],
                        [
                            51.148792,
                            43.655709
                        ]
                    ]
                ]
            }
        },
        {
            "type": "Feature",
            "properties": {
                "name": "11А мкр",
                "osm_id": 416571193
            },
            "geometry": {
                "type": "Polygon",
                "coordinates": [
                    [
                        [
                            51.157062,
                            43.659988
                        ],
                        [
                            51.156429,
                            43.659674
                        ],
                        [
                            51.156389,
                            43.659592
                        ],
                        [
                            51.156402,
                            43.659542
                        ],
                        [
                            51.1613,
                            43.654609
                        ],
                        [
                            51.161548,
                            43.654359
                        ],
                        [
                            51.162989,
                            43.652907
                        ],
                        [
                            51.16381,
                            43.653365
                        ],
                        [
                            51.157333,
                            43.659883
                        ],
                        [
                            51.157199,
                            43.659961
                        ],
                        [
                            51.157118,
                            43.659982
                        ],
                        [
                            51.157062,
                            43.659988
                        ]
                    ]
                ]
            }
        },
        {
            "type": "Feature",
            "properties": {
                "name": "12 мкр",
                "osm_id": 327567884
            },
            "geometry": {
                "type": "Polygon",
                "coordinates": [
                    [
                        [
                            51.156212,
                            43.659677
                        ],
                        [
                            51.156158,
                            43.659706
                        ],
                        [
                            51.155899,
                            43.659572
                        ],
                        [
                            51.155174,
                            43.659181
                        ],
                        [
                            51.154494,
                            43.658821
                        ],
                        [
                            51.153489,
                            43.658299
                        ],
                        [
                            51.153324,
                            43.658212
                        ],
                        [
                            51.151564,
                            43.657292
                        ],
                        [
                            51.148922,
                            43.655925
                        ],
                        [
                            51.147875,
                            43.655368
                        ],
                        [
                            51.145026,
                            43.658506
                        ],
                        [
                            51.14497,
                            43.658668
                        ],
                        [
                            51.147328,
                            43.666293
                        ],
                        [
                            51.147497,
                            43.666377
                        ],
                        [
                            51.154772,
                            43.665249
                        ],
                        [
                            51.154449,
                            43.66432
                        ],
                        [
                            51.15433,
                            43.663868
                        ],
                        [
                            51.154274,
                            43.663425
                        ],
                        [
                            51.154258,
                            43.662913
                        ],
                        [
                            51.154361,
                            43.66231
                        ],
                        [
                            51.154585,
                            43.661594
                        ],
                        [
                            51.154788,
                            43.66126
                        ],
                        [
                            51.155125,
                            43.660848
                        ],
                        [
                            51.155571,
                            43.660363
                        ],
                        [
                            51.156212,
                            43.659677
                        ]
                    ]
                ]
            }
        },
        {
            "type": "Feature",
            "properties": {
                "name": "12А мкр",
                "osm_id": 422806694
            },
            "geometry": {
                "type": "Polygon",
                "coordinates": [
                    [
                        [
                            51.154772,
                            43.665249
                        ],
                        [
                            51.154779,
                            43.665278
                        ],
                        [
                            51.154989,
                            43.665949
                        ],
                        [
                            51.155128,
                            43.666162
                        ],
                        [
                            51.156013,
                            43.666003
                        ],
                        [
                            51.155965,
                            43.665797
                        ],
                        [
                            51.155251,
                            43.663171
                        ],
                        [
                            51.155261,
                            43.662799
                        ],
                        [
                            51.155371,
                            43.662343
                        ],
                        [
                            51.15563,
                            43.66159
                        ],
                        [
                            51.156402,
                            43.66075
                        ],
                        [
                            51.157016,
                            43.660158
                        ],
                        [
                            51.156212,
                            43.659677
                        ],
                        [
                            51.155571,
                            43.660363
                        ],
                        [
                            51.155125,
                            43.660848
                        ],
                        [
                            51.154788,
                            43.66126
                        ],
                        [
                            51.154585,
                            43.661594
                        ],
                        [
                            51.154361,
                            43.66231
                        ],
                        [
                            51.154258,
                            43.662913
                        ],
                        [
                            51.154274,
                            43.663425
                        ],
                        [
                            51.15433,
                            43.663868
                        ],
                        [
                            51.154449,
                            43.66432
                        ],
                        [
                            51.154772,
                            43.665249
                        ]
                    ]
                ]
            }
        },
        {
            "type": "Feature",
            "properties": {
                "name": "13 мкр",
                "osm_id": 327566923
            },
            "geometry": {
                "type": "Polygon",
                "coordinates": [
                    [
                        [
                            51.135565,
                            43.668715
                        ],
                        [
                            51.13569,
                            43.668799
                        ],
                        [
                            51.136132,
                            43.668881
                        ],
                        [
                            51.136223,
                            43.668867
                        ],
                        [
                            51.136699,
                            43.668936
                        ],
                        [
                            51.136808,
                            43.668989
                        ],
                        [
                            51.137223,
                            43.669047
                        ],
                        [
                            51.13755,
                            43.669071
                        ],
                        [
                            51.13819,
                            43.669036
                        ],
                        [
                            51.138777,
                            43.668927
                        ],
                        [
                            51.14042,
                            43.668263
                        ],
                        [
                            51.142229,
                            43.667551
                        ],
                        [
                            51.143133,
                            43.667206
                        ],
                        [
                            51.144085,
                            43.666949
                        ],
                        [
                            51.147131,
                            43.666432
                        ],
                        [
                            51.147179,
                            43.666361
                        ],
                        [
                            51.147174,
                            43.666256
                        ],
                        [
                            51.144919,
                            43.659009
                        ],
                        [
                            51.144651,
                            43.658988
                        ],
                        [
                            51.144271,
                            43.659551
                        ],
                        [
                            51.144056,
                            43.65995
                        ],
                        [
                            51.143975,
                            43.66031
                        ],
                        [
                            51.143841,
                            43.660516
                        ],
                        [
                            51.142904,
                            43.661465
                        ],
                        [
                            51.14236,
                            43.661827
                        ],
                        [
                            51.142191,
                            43.661897
                        ],
                        [
                            51.141301,
                            43.662467
                        ],
                        [
                            51.138851,
                            43.664095
                        ],
                        [
                            51.138232,
                            43.664494
                        ],
                        [
                            51.138025,
                            43.664647
                        ],
                        [
                            51.137832,
                            43.664809
                        ],
                        [
                            51.137704,
                            43.664932
                        ],
                        [
                            51.137526,
                            43.665122
                        ],
                        [
                            51.13707,
                            43.665605
                        ],
                        [
                            51.136514,
                            43.666483
                        ],
                        [
                            51.135938,
                            43.667979
                        ],
                        [
                            51.135886,
                            43.668003
                        ],
                        [
                            51.135821,
                            43.668047
                        ],
                        [
                            51.135745,
                            43.668119
                        ],
                        [
                            51.135565,
                            43.668715
                        ]
                    ]
                ]
            }
        },
        {
            "type": "Feature",
            "properties": {
                "name": "14 мкр",
                "osm_id": 327567159
            },
            "geometry": {
                "type": "Polygon",
                "coordinates": [
                    [
                        [
                            51.142611,
                            43.661043
                        ],
                        [
                            51.143344,
                            43.660319
                        ],
                        [
                            51.144719,
                            43.658506
                        ],
                        [
                            51.149776,
                            43.653315
                        ],
                        [
                            51.150572,
                            43.652116
                        ],
                        [
                            51.150522,
                            43.65042
                        ],
                        [
                            51.150431,
                            43.647305
                        ],
                        [
                            51.150435,
                            43.64627
                        ],
                        [
                            51.150363,
                            43.645254
                        ],
                        [
                            51.146298,
                            43.647049
                        ],
                        [
                            51.145954,
                            43.647237
                        ],
                        [
                            51.14539,
                            43.647527
                        ],
                        [
                            51.145318,
                            43.647586
                        ],
                        [
                            51.144411,
                            43.648476
                        ],
                        [
                            51.142943,
                            43.65017
                        ],
                        [
                            51.1403,
                            43.652677
                        ],
                        [
                            51.139838,
                            43.653224
                        ],
                        [
                            51.139863,
                            43.653523
                        ],
                        [
                            51.139937,
                            43.653862
                        ],
                        [
                            51.141107,
                            43.659207
                        ],
                        [
                            51.141227,
                            43.659642
                        ],
                        [
                            51.141262,
                            43.660248
                        ],
                        [
                            51.141169,
                            43.660706
                        ],
                        [
                            51.140822,
                            43.661444
                        ],
                        [
                            51.140247,
                            43.662442
                        ],
                        [
                            51.140213,
                            43.662589
                        ],
                        [
                            51.140191,
                            43.662707
                        ],
                        [
                            51.14036,
                            43.662627
                        ],
                        [
                            51.140596,
                            43.662469
                        ],
                        [
                            51.141617,
                            43.661844
                        ],
                        [
                            51.142611,
                            43.661043
                        ]
                    ]
                ]
            }
        },
        {
            "type": "Feature",
            "properties": {
                "name": "15 мкр",
                "osm_id": 327566780
            },
            "geometry": {
                "type": "Polygon",
                "coordinates": [
                    [
                        [
                            51.139435,
                            43.653572
                        ],
                        [
                            51.135021,
                            43.659972
                        ],
                        [
                            51.131898,
                            43.665475
                        ],
                        [
                            51.131114,
                            43.666856
                        ],
                        [
                            51.13236,
                            43.667409
                        ],
                        [
                            51.132723,
                            43.668383
                        ],
                        [
                            51.133071,
                            43.668453
                        ],
                        [
                            51.133718,
                            43.668547
                        ],
                        [
                            51.133045,
                            43.67046
                        ],
                        [
                            51.132433,
                            43.67233
                        ],
                        [
                            51.132742,
                            43.672316
                        ],
                        [
                            51.133825,
                            43.67153
                        ],
                        [
                            51.134577,
                            43.670268
                        ],
                        [
                            51.134663,
                            43.670126
                        ],
                        [
                            51.134811,
                            43.669869
                        ],
                        [
                            51.134842,
                            43.669792
                        ],
                        [
                            51.134942,
                            43.669526
                        ],
                        [
                            51.135041,
                            43.669152
                        ],
                        [
                            51.135168,
                            43.668752
                        ],
                        [
                            51.135484,
                            43.667426
                        ],
                        [
                            51.135909,
                            43.666595
                        ],
                        [
                            51.136336,
                            43.665756
                        ],
                        [
                            51.137085,
                            43.664868
                        ],
                        [
                            51.137938,
                            43.664128
                        ],
                        [
                            51.139626,
                            43.66306
                        ],
                        [
                            51.139895,
                            43.662734
                        ],
                        [
                            51.140049,
                            43.662505
                        ],
                        [
                            51.140379,
                            43.66188
                        ],
                        [
                            51.140726,
                            43.661149
                        ],
                        [
                            51.140987,
                            43.660599
                        ],
                        [
                            51.14104,
                            43.660327
                        ],
                        [
                            51.141049,
                            43.660047
                        ],
                        [
                            51.139651,
                            43.653433
                        ],
                        [
                            51.139554,
                            43.653443
                        ],
                        [
                            51.139435,
                            43.653572
                        ]
                    ]
                ]
            }
        },
        {
            "type": "Feature",
            "properties": {
                "name": "16 мкр",
                "osm_id": 327713475
            },
            "geometry": {
                "type": "Polygon",
                "coordinates": [
                    [
                        [
                            51.149613,
                            43.675097
                        ],
                        [
                            51.155827,
                            43.674248
                        ],
                        [
                            51.157114,
                            43.67398
                        ],
                        [
                            51.157425,
                            43.673798
                        ],
                        [
                            51.157608,
                            43.673601
                        ],
                        [
                            51.157734,
                            43.673314
                        ],
                        [
                            51.157867,
                            43.672859
                        ],
                        [
                            51.157897,
                            43.672238
                        ],
                        [
                            51.156131,
                            43.666239
                        ],
                        [
                            51.154956,
                            43.666402
                        ],
                        [
                            51.154613,
                            43.665391
                        ],
                        [
                            51.14758,
                            43.666583
                        ],
                        [
                            51.148297,
                            43.669337
                        ],
                        [
                            51.148669,
                            43.670877
                        ],
                        [
                            51.149234,
                            43.673238
                        ],
                        [
                            51.149613,
                            43.675097
                        ]
                    ]
                ]
            }
        },
        {
            "type": "Feature",
            "properties": {
                "name": "17 мкр",
                "osm_id": 327713424
            },
            "geometry": {
                "type": "Polygon",
                "coordinates": [
                    [
                        [
                            51.135458,
                            43.668993
                        ],
                        [
                            51.135528,
                            43.668961
                        ],
                        [
                            51.13574,
                            43.668959
                        ],
                        [
                            51.136797,
                            43.669145
                        ],
                        [
                            51.137302,
                            43.669217
                        ],
                        [
                            51.137765,
                            43.669229
                        ],
                        [
                            51.138419,
                            43.669147
                        ],
                        [
                            51.139036,
                            43.66901
                        ],
                        [
                            51.142748,
                            43.667566
                        ],
                        [
                            51.144057,
                            43.667163
                        ],
                        [
                            51.147151,
                            43.666608
                        ],
                        [
                            51.147503,
                            43.668461
                        ],
                        [
                            51.147654,
                            43.669023
                        ],
                        [
                            51.147959,
                            43.67029
                        ],
                        [
                            51.148296,
                            43.671978
                        ],
                        [
                            51.149249,
                            43.675178
                        ],
                        [
                            51.141177,
                            43.676267
                        ],
                        [
                            51.135655,
                            43.676973
                        ],
                        [
                            51.134969,
                            43.674668
                        ],
                        [
                            51.134943,
                            43.674559
                        ],
                        [
                            51.134682,
                            43.673442
                        ],
                        [
                            51.134628,
                            43.672924
                        ],
                        [
                            51.134617,
                            43.672821
                        ],
                        [
                            51.134663,
                            43.672214
                        ],
                        [
                            51.134664,
                            43.671574
                        ],
                        [
                            51.13478,
                            43.670962
                        ],
                        [
                            51.135458,
                            43.668993
                        ]
                    ]
                ]
            }
        },
        {
            "type": "Feature",
            "properties": {
                "name": "18 мкр",
                "osm_id": 1209308623
            },
            "geometry": {
                "type": "Polygon",
                "coordinates": [
                    [
                        [
                            51.141212,
                            43.676411
                        ],
                        [
                            51.145171,
                            43.675955
                        ],
                        [
                            51.147162,
                            43.675698
                        ],
                        [
                            51.148024,
                            43.675582
                        ],
                        [
                            51.148411,
                            43.675545
                        ],
                        [
                            51.149154,
                            43.675446
                        ],
                        [
                            51.149259,
                            43.675462
                        ],
                        [
                            51.149336,
                            43.675504
                        ],
                        [
                            51.149678,
                            43.676869
                        ],
                        [
                            51.149594,
                            43.677106
                        ],
                        [
                            51.149749,
                            43.67807
                        ],
                        [
                            51.149904,
                            43.678581
                        ],
                        [
                            51.149965,
                            43.679243
                        ],
                        [
                            51.150104,
                            43.67946
                        ],
                        [
                            51.150061,
                            43.680099
                        ],
                        [
                            51.149985,
                            43.680164
                        ],
                        [
                            51.146428,
                            43.680236
                        ],
                        [
                            51.144955,
                            43.680295
                        ],
                        [
                            51.143704,
                            43.680348
                        ],
                        [
                            51.14316,
                            43.680394
                        ],
                        [
                            51.1429,
                            43.680366
                        ],
                        [
                            51.14245,
                            43.680206
                        ],
                        [
                            51.14208,
                            43.680087
                        ],
                        [
                            51.141981,
                            43.679872
                        ],
                        [
                            51.141917,
                            43.679579
                        ],
                        [
                            51.141789,
                            43.678999
                        ],
                        [
                            51.141212,
                            43.676411
                        ]
                    ]
                ]
            }
        },
        {
            "type": "Feature",
            "properties": {
                "name": "18А мкр",
                "osm_id": 1353669669
            },
            "geometry": {
                "type": "Polygon",
                "coordinates": [
                    [
                        [
                            51.136373,
                            43.680715
                        ],
                        [
                            51.135802,
                            43.677331
                        ],
                        [
                            51.135785,
                            43.677113
                        ],
                        [
                            51.135804,
                            43.67711
                        ],
                        [
                            51.140826,
                            43.676467
                        ],
                        [
                            51.140841,
                            43.676465
                        ],
                        [
                            51.141212,
                            43.676411
                        ],
                        [
                            51.141981,
                            43.679872
                        ],
                        [
                            51.141954,
                            43.680079
                        ],
                        [
                            51.141815,
                            43.680115
                        ],
                        [
                            51.141096,
                            43.680497
                        ],
                        [
                            51.1364,
                            43.680824
                        ],
                        [
                            51.136373,
                            43.680715
                        ]
                    ]
                ]
            }
        },
        {
            "type": "Feature",
            "properties": {
                "name": "19 мкр",
                "osm_id": 327565602
            },
            "geometry": {
                "type": "Polygon",
                "coordinates": [
                    [
                        [
                            51.149765,
                            43.675364
                        ],
                        [
                            51.152107,
                            43.675047
                        ],
                        [
                            51.153685,
                            43.674805
                        ],
                        [
                            51.155157,
                            43.674574
                        ],
                        [
                            51.156063,
                            43.674449
                        ],
                        [
                            51.156599,
                            43.674371
                        ],
                        [
                            51.156942,
                            43.674334
                        ],
                        [
                            51.157079,
                            43.674305
                        ],
                        [
                            51.15739,
                            43.674292
                        ],
                        [
                            51.157771,
                            43.674311
                        ],
                        [
                            51.158115,
                            43.674353
                        ],
                        [
                            51.15886,
                            43.674467
                        ],
                        [
                            51.160487,
                            43.67498
                        ],
                        [
                            51.161805,
                            43.675679
                        ],
                        [
                            51.16191,
                            43.675741
                        ],
                        [
                            51.156367,
                            43.680474
                        ],
                        [
                            51.156013,
                            43.681001
                        ],
                        [
                            51.153493,
                            43.680381
                        ],
                        [
                            51.153132,
                            43.680344
                        ],
                        [
                            51.15255,
                            43.680286
                        ],
                        [
                            51.152289,
                            43.680236
                        ],
                        [
                            51.151901,
                            43.680237
                        ],
                        [
                            51.150849,
                            43.680188
                        ],
                        [
                            51.150497,
                            43.680172
                        ],
                        [
                            51.150413,
                            43.68011
                        ],
                        [
                            51.150406,
                            43.680055
                        ],
                        [
                            51.150486,
                            43.678151
                        ],
                        [
                            51.150373,
                            43.67765
                        ],
                        [
                            51.14967,
                            43.675452
                        ],
                        [
                            51.149765,
                            43.675364
                        ]
                    ]
                ]
            }
        },
        {
            "type": "Feature",
            "properties": {
                "name": "19А мкр",
                "osm_id": 1353374265
            },
            "geometry": {
                "type": "Polygon",
                "coordinates": [
                    [
                        [
                            51.146772,
                            43.686417
                        ],
                        [
                            51.151741,
                            43.688035
                        ],
                        [
                            51.151833,
                            43.687923
                        ],
                        [
                            51.155993,
                            43.681328
                        ],
                        [
                            51.155981,
                            43.681263
                        ],
                        [
                            51.155944,
                            43.68123
                        ],
                        [
                            51.155632,
                            43.681093
                        ],
                        [
                            51.155085,
                            43.68092
                        ],
                        [
                            51.154514,
                            43.680754
                        ],
                        [
                            51.153853,
                            43.680591
                        ],
                        [
                            51.153457,
                            43.680517
                        ],
                        [
                            51.153088,
                            43.680475
                        ],
                        [
                            51.152477,
                            43.680411
                        ],
                        [
                            51.150863,
                            43.680321
                        ],
                        [
                            51.150459,
                            43.680318
                        ],
                        [
                            51.15034,
                            43.680358
                        ],
                        [
                            51.150169,
                            43.680989
                        ],
                        [
                            51.146772,
                            43.686417
                        ]
                    ]
                ]
            }
        },
        {
            "type": "Feature",
            "properties": {
                "name": "20 мкр",
                "osm_id": 1159688239
            },
            "geometry": {
                "type": "Polygon",
                "coordinates": [
                    [
                        [
                            51.135294,
                            43.682469
                        ],
                        [
                            51.135934,
                            43.68107
                        ],
                        [
                            51.141154,
                            43.680859
                        ],
                        [
                            51.142051,
                            43.681045
                        ],
                        [
                            51.1423,
                            43.681019
                        ],
                        [
                            51.142837,
                            43.680654
                        ],
                        [
                            51.143235,
                            43.68056
                        ],
                        [
                            51.143671,
                            43.680552
                        ],
                        [
                            51.144821,
                            43.680451
                        ],
                        [
                            51.146852,
                            43.680408
                        ],
                        [
                            51.1499,
                            43.680336
                        ],
                        [
                            51.150006,
                            43.680459
                        ],
                        [
                            51.149557,
                            43.681583
                        ],
                        [
                            51.149471,
                            43.681655
                        ],
                        [
                            51.149166,
                            43.681851
                        ],
                        [
                            51.147605,
                            43.684368
                        ],
                        [
                            51.146325,
                            43.686294
                        ],
                        [
                            51.135294,
                            43.682469
                        ]
                    ]
                ]
            }
        },
        {
            "type": "Feature",
            "properties": {
                "name": "21 мкр",
                "osm_id": 327571436
            },
            "geometry": {
                "type": "Polygon",
                "coordinates": [
                    [
                        [
                            51.17564,
                            43.642502
                        ],
                        [
                            51.175899,
                            43.64236
                        ],
                        [
                            51.185004,
                            43.641168
                        ],
                        [
                            51.185633,
                            43.641294
                        ],
                        [
                            51.186173,
                            43.641529
                        ],
                        [
                            51.187465,
                            43.641612
                        ],
                        [
                            51.188952,
                            43.641803
                        ],
                        [
                            51.189385,
                            43.642018
                        ],
                        [
                            51.18975,
                            43.6423
                        ],
                        [
                            51.191603,
                            43.643737
                        ],
                        [
                            51.191635,
                            43.643778
                        ],
                        [
                            51.191621,
                            43.643833
                        ],
                        [
                            51.191397,
                            43.643936
                        ],
                        [
                            51.191002,
                            43.644107
                        ],
                        [
                            51.19086,
                            43.644407
                        ],
                        [
                            51.190781,
                            43.644749
                        ],
                        [
                            51.190737,
                            43.644871
                        ],
                        [
                            51.190634,
                            43.644987
                        ],
                        [
                            51.190164,
                            43.645206
                        ],
                        [
                            51.189715,
                            43.645406
                        ],
                        [
                            51.188842,
                            43.645838
                        ],
                        [
                            51.188099,
                            43.645947
                        ],
                        [
                            51.187523,
                            43.646191
                        ],
                        [
                            51.18701,
                            43.646626
                        ],
                        [
                            51.186747,
                            43.64688
                        ],
                        [
                            51.186448,
                            43.647106
                        ],
                        [
                            51.185779,
                            43.647449
                        ],
                        [
                            51.185039,
                            43.647791
                        ],
                        [
                            51.184255,
                            43.648037
                        ],
                        [
                            51.183826,
                            43.648202
                        ],
                        [
                            51.181442,
                            43.649423
                        ],
                        [
                            51.181204,
                            43.649386
                        ],
                        [
                            51.181005,
                            43.649217
                        ],
                        [
                            51.180212,
                            43.648433
                        ],
                        [
                            51.178386,
                            43.646504
                        ],
                        [
                            51.178233,
                            43.646177
                        ],
                        [
                            51.178206,
                            43.645792
                        ],
                        [
                            51.178141,
                            43.645501
                        ],
                        [
                            51.17564,
                            43.642502
                        ]
                    ]
                ]
            }
        },
        {
            "type": "Feature",
            "properties": {
                "name": "22 мкр",
                "osm_id": 327571480
            },
            "geometry": {
                "type": "Polygon",
                "coordinates": [
                    [
                        [
                            51.170133,
                            43.647155
                        ],
                        [
                            51.170171,
                            43.647353
                        ],
                        [
                            51.173059,
                            43.648856
                        ],
                        [
                            51.178575,
                            43.651729
                        ],
                        [
                            51.180434,
                            43.649923
                        ],
                        [
                            51.18075,
                            43.649641
                        ],
                        [
                            51.18088,
                            43.649465
                        ],
                        [
                            51.180818,
                            43.649283
                        ],
                        [
                            51.17814,
                            43.646403
                        ],
                        [
                            51.178107,
                            43.645922
                        ],
                        [
                            51.178039,
                            43.645551
                        ],
                        [
                            51.175496,
                            43.642585
                        ],
                        [
                            51.175314,
                            43.642512
                        ],
                        [
                            51.174858,
                            43.642659
                        ],
                        [
                            51.174178,
                            43.643093
                        ],
                        [
                            51.170133,
                            43.647155
                        ]
                    ]
                ]
            }
        },
        {
            "type": "Feature",
            "properties": {
                "name": "23 мкр",
                "osm_id": 327738883
            },
            "geometry": {
                "type": "Polygon",
                "coordinates": [
                    [
                        [
                            51.1726,
                            43.655341
                        ],
                        [
                            51.167485,
                            43.650576
                        ],
                        [
                            51.167469,
                            43.650216
                        ],
                        [
                            51.167415,
                            43.649856
                        ],
                        [
                            51.167134,
                            43.649832
                        ],
                        [
                            51.166624,
                            43.649895
                        ],
                        [
                            51.166286,
                            43.649735
                        ],
                        [
                            51.166243,
                            43.649588
                        ],
                        [
                            51.166534,
                            43.649306
                        ],
                        [
                            51.167193,
                            43.648612
                        ],
                        [
                            51.167398,
                            43.648265
                        ],
                        [
                            51.167514,
                            43.647899
                        ],
                        [
                            51.167521,
                            43.647368
                        ],
                        [
                            51.167523,
                            43.647227
                        ],
                        [
                            51.167523,
                            43.646492
                        ],
                        [
                            51.16754,
                            43.646243
                        ],
                        [
                            51.167629,
                            43.646204
                        ],
                        [
                            51.178436,
                            43.651895
                        ],
                        [
                            51.177857,
                            43.652547
                        ],
                        [
                            51.177342,
                            43.654146
                        ],
                        [
                            51.176827,
                            43.654969
                        ],
                        [
                            51.17481,
                            43.657049
                        ],
                        [
                            51.174059,
                            43.656583
                        ],
                        [
                            51.173587,
                            43.656242
                        ],
                        [
                            51.1726,
                            43.655341
                        ]
                    ]
                ]
            }
        },
        {
            "type": "Feature",
            "properties": {
                "name": "24 мкр",
                "osm_id": 327710656
            },
            "geometry": {
                "type": "Polygon",
                "coordinates": [
                    [
                        [
                            51.162356,
                            43.654943
                        ],
                        [
                            51.1628,
                            43.655203
                        ],
                        [
                            51.17393,
                            43.660899
                        ],
                        [
                            51.17658,
                            43.65817
                        ],
                        [
                            51.176548,
                            43.65798
                        ],
                        [
                            51.174917,
                            43.657344
                        ],
                        [
                            51.173565,
                            43.656568
                        ],
                        [
                            51.172728,
                            43.655823
                        ],
                        [
                            51.171698,
                            43.65486
                        ],
                        [
                            51.170969,
                            43.654151
                        ],
                        [
                            51.167367,
                            43.650649
                        ],
                        [
                            51.167266,
                            43.65067
                        ],
                        [
                            51.166915,
                            43.650607
                        ],
                        [
                            51.166757,
                            43.65064
                        ],
                        [
                            51.166466,
                            43.650768
                        ],
                        [
                            51.166095,
                            43.651233
                        ],
                        [
                            51.164322,
                            43.65309
                        ],
                        [
                            51.163966,
                            43.653419
                        ],
                        [
                            51.162356,
                            43.654943
                        ]
                    ]
                ]
            }
        },
        {
            "type": "Feature",
            "properties": {
                "name": "25 мкр",
                "osm_id": 1209333613
            },
            "geometry": {
                "type": "Polygon",
                "coordinates": [
                    [
                        [
                            51.157363,
                            43.660123
                        ],
                        [
                            51.162286,
                            43.655497
                        ],
                        [
                            51.162832,
                            43.655364
                        ],
                        [
                            51.166357,
                            43.657147
                        ],
                        [
                            51.161274,
                            43.662092
                        ],
                        [
                            51.157363,
                            43.660123
                        ]
                    ]
                ]
            }
        },
        {
            "type": "Feature",
            "properties": {
                "name": "26 мкр",
                "osm_id": 315814048
            },
            "geometry": {
                "type": "Polygon",
                "coordinates": [
                    [
                        [
                            51.166363,
                            43.657271
                        ],
                        [
                            51.162551,
                            43.661107
                        ],
                        [
                            51.161476,
                            43.66221
                        ],
                        [
                            51.161452,
                            43.66224
                        ],
                        [
                            51.16144,
                            43.662273
                        ],
                        [
                            51.161442,
                            43.662307
                        ],
                        [
                            51.161456,
                            43.66234
                        ],
                        [
                            51.161483,
                            43.662368
                        ],
                        [
                            51.166646,
                            43.665054
                        ],
                        [
                            51.166724,
                            43.665073
                        ],
                        [
                            51.166807,
                            43.665074
                        ],
                        [
                            51.166886,
                            43.665059
                        ],
                        [
                            51.166956,
                            43.665028
                        ],
                        [
                            51.169031,
                            43.662924
                        ],
                        [
                            51.17177,
                            43.660146
                        ],
                        [
                            51.171805,
                            43.660105
                        ],
                        [
                            51.171821,
                            43.660058
                        ],
                        [
                            51.171816,
                            43.66001
                        ],
                        [
                            51.171791,
                            43.659965
                        ],
                        [
                            51.171748,
                            43.659927
                        ],
                        [
                            51.169738,
                            43.658866
                        ],
                        [
                            51.169683,
                            43.658871
                        ],
                        [
                            51.169389,
                            43.658725
                        ],
                        [
                            51.169378,
                            43.658691
                        ],
                        [
                            51.169309,
                            43.658652
                        ],
                        [
                            51.166672,
                            43.657256
                        ],
                        [
                            51.166596,
                            43.657233
                        ],
                        [
                            51.166514,
                            43.657228
                        ],
                        [
                            51.166434,
                            43.657241
                        ],
                        [
                            51.166363,
                            43.657271
                        ]
                    ]
                ]
            }
        },
        {
            "type": "Feature",
            "properties": {
                "name": "27 мкр",
                "osm_id": 326670061
            },
            "geometry": {
                "type": "Polygon",
                "coordinates": [
                    [
                        [
                            51.157153,
                            43.660309
                        ],
                        [
                            51.157023,
                            43.660372
                        ],
                        [
                            51.15694,
                            43.660457
                        ],
                        [
                            51.156323,
                            43.661095
                        ],
                        [
                            51.155983,
                            43.661559
                        ],
                        [
                            51.155904,
                            43.661668
                        ],
                        [
                            51.155832,
                            43.661773
                        ],
                        [
                            51.155617,
                            43.662235
                        ],
                        [
                            51.155507,
                            43.662788
                        ],
                        [
                            51.1555,
                            43.663353
                        ],
                        [
                            51.15567,
                            43.664131
                        ],
                        [
                            51.155748,
                            43.664385
                        ],
                        [
                            51.15582,
                            43.664592
                        ],
                        [
                            51.156139,
                            43.665535
                        ],
                        [
                            51.15636,
                            43.666317
                        ],
                        [
                            51.156986,
                            43.668409
                        ],
                        [
                            51.157585,
                            43.670416
                        ],
                        [
                            51.158125,
                            43.672065
                        ],
                        [
                            51.158686,
                            43.673163
                        ],
                        [
                            51.158743,
                            43.67323
                        ],
                        [
                            51.158829,
                            43.673262
                        ],
                        [
                            51.158916,
                            43.673258
                        ],
                        [
                            51.159048,
                            43.673172
                        ],
                        [
                            51.15925,
                            43.672872
                        ],
                        [
                            51.159249,
                            43.672823
                        ],
                        [
                            51.159488,
                            43.672588
                        ],
                        [
                            51.15955,
                            43.672572
                        ],
                        [
                            51.161193,
                            43.670812
                        ],
                        [
                            51.163082,
                            43.668922
                        ],
                        [
                            51.166619,
                            43.665375
                        ],
                        [
                            51.166625,
                            43.665196
                        ],
                        [
                            51.163512,
                            43.663683
                        ],
                        [
                            51.157659,
                            43.660458
                        ],
                        [
                            51.157399,
                            43.660333
                        ],
                        [
                            51.15727,
                            43.660298
                        ],
                        [
                            51.157212,
                            43.660296
                        ],
                        [
                            51.157153,
                            43.660309
                        ]
                    ]
                ]
            }
        },
        {
            "type": "Feature",
            "properties": {
                "name": "28 мкр",
                "osm_id": 327552967
            },
            "geometry": {
                "type": "Polygon",
                "coordinates": [
                    [
                        [
                            51.171109,
                            43.667785
                        ],
                        [
                            51.171107,
                            43.667663
                        ],
                        [
                            51.16692,
                            43.665441
                        ],
                        [
                            51.159033,
                            43.673305
                        ],
                        [
                            51.15897,
                            43.673381
                        ],
                        [
                            51.15894,
                            43.673464
                        ],
                        [
                            51.158959,
                            43.673576
                        ],
                        [
                            51.159059,
                            43.673752
                        ],
                        [
                            51.159329,
                            43.673991
                        ],
                        [
                            51.160307,
                            43.674648
                        ],
                        [
                            51.162154,
                            43.675572
                        ],
                        [
                            51.16232,
                            43.67553
                        ],
                        [
                            51.171109,
                            43.667785
                        ]
                    ]
                ]
            }
        },
        {
            "type": "Feature",
            "properties": {
                "name": "28А мкр",
                "osm_id": 327710651
            },
            "geometry": {
                "type": "Polygon",
                "coordinates": [
                    [
                        [
                            51.167114,
                            43.665219
                        ],
                        [
                            51.169116,
                            43.666364
                        ],
                        [
                            51.171344,
                            43.667513
                        ],
                        [
                            51.17204,
                            43.666937
                        ],
                        [
                            51.172645,
                            43.666354
                        ],
                        [
                            51.173045,
                            43.665762
                        ],
                        [
                            51.173168,
                            43.665264
                        ],
                        [
                            51.173211,
                            43.664821
                        ],
                        [
                            51.173141,
                            43.664185
                        ],
                        [
                            51.172914,
                            43.663398
                        ],
                        [
                            51.172813,
                            43.662579
                        ],
                        [
                            51.172929,
                            43.662104
                        ],
                        [
                            51.173305,
                            43.661523
                        ],
                        [
                            51.173661,
                            43.661128
                        ],
                        [
                            51.173686,
                            43.660975
                        ],
                        [
                            51.172063,
                            43.660127
                        ],
                        [
                            51.167114,
                            43.665219
                        ]
                    ]
                ]
            }
        },
        {
            "type": "Feature",
            "properties": {
                "name": "29 мкр",
                "osm_id": 327564950
            },
            "geometry": {
                "type": "Polygon",
                "coordinates": [
                    [
                        [
                            51.166262,
                            43.672384
                        ],
                        [
                            51.171515,
                            43.667851
                        ],
                        [
                            51.173466,
                            43.668923
                        ],
                        [
                            51.174217,
                            43.66942
                        ],
                        [
                            51.174711,
                            43.669824
                        ],
                        [
                            51.175247,
                            43.670491
                        ],
                        [
                            51.176054,
                            43.671914
                        ],
                        [
                            51.176086,
                            43.671974
                        ],
                        [
                            51.173732,
                            43.672594
                        ],
                        [
                            51.174665,
                            43.674406
                        ],
                        [
                            51.173195,
                            43.674774
                        ],
                        [
                            51.171661,
                            43.674026
                        ],
                        [
                            51.170872,
                            43.674813
                        ],
                        [
                            51.170695,
                            43.674724
                        ],
                        [
                            51.166262,
                            43.672384
                        ]
                    ]
                ]
            }
        },
        {
            "type": "Feature",
            "properties": {
                "name": "29А мкр",
                "osm_id": 415331295
            },
            "geometry": {
                "type": "Polygon",
                "coordinates": [
                    [
                        [
                            51.178475,
                            43.676031
                        ],
                        [
                            51.186731,
                            43.6738
                        ],
                        [
                            51.190947,
                            43.672775
                        ],
                        [
                            51.194091,
                            43.67245
                        ],
                        [
                            51.194316,
                            43.672263
                        ],
                        [
                            51.195244,
                            43.668829
                        ],
                        [
                            51.195099,
                            43.668278
                        ],
                        [
                            51.193645,
                            43.667161
                        ],
                        [
                            51.191714,
                            43.665768
                        ],
                        [
                            51.189627,
                            43.664444
                        ],
                        [
                            51.185797,
                            43.662046
                        ],
                        [
                            51.1851,
                            43.661534
                        ],
                        [
                            51.184601,
                            43.661204
                        ],
                        [
                            51.183204,
                            43.660192
                        ],
                        [
                            51.183155,
                            43.660156
                        ],
                        [
                            51.182608,
                            43.659734
                        ],
                        [
                            51.182359,
                            43.659541
                        ],
                        [
                            51.181393,
                            43.658959
                        ],
                        [
                            51.178636,
                            43.658297
                        ],
                        [
                            51.177683,
                            43.658105
                        ],
                        [
                            51.177273,
                            43.658047
                        ],
                        [
                            51.176841,
                            43.658303
                        ],
                        [
                            51.176203,
                            43.658949
                        ],
                        [
                            51.175559,
                            43.659586
                        ],
                        [
                            51.175055,
                            43.660154
                        ],
                        [
                            51.17414,
                            43.661027
                        ],
                        [
                            51.173531,
                            43.661722
                        ],
                        [
                            51.173231,
                            43.662349
                        ],
                        [
                            51.173269,
                            43.663071
                        ],
                        [
                            51.173397,
                            43.663748
                        ],
                        [
                            51.173513,
                            43.664214
                        ],
                        [
                            51.173609,
                            43.664997
                        ],
                        [
                            51.173582,
                            43.665358
                        ],
                        [
                            51.173368,
                            43.665987
                        ],
                        [
                            51.172724,
                            43.666724
                        ],
                        [
                            51.17222,
                            43.667174
                        ],
                        [
                            51.171785,
                            43.667562
                        ],
                        [
                            51.171785,
                            43.667714
                        ],
                        [
                            51.173604,
                            43.66873
                        ],
                        [
                            51.17458,
                            43.669475
                        ],
                        [
                            51.175283,
                            43.670193
                        ],
                        [
                            51.175691,
                            43.670702
                        ],
                        [
                            51.176297,
                            43.671904
                        ],
                        [
                            51.178148,
                            43.675416
                        ],
                        [
                            51.178475,
                            43.676031
                        ]
                    ]
                ]
            }
        },
        {
            "type": "Feature",
            "properties": {
                "name": "30 мкр",
                "osm_id": 327565603
            },
            "geometry": {
                "type": "Polygon",
                "coordinates": [
                    [
                        [
                            51.16206,
                            43.675953
                        ],
                        [
                            51.16753,
                            43.678729
                        ],
                        [
                            51.168167,
                            43.679053
                        ],
                        [
                            51.165429,
                            43.681758
                        ],
                        [
                            51.162684,
                            43.684573
                        ],
                        [
                            51.15634,
                            43.681269
                        ],
                        [
                            51.156521,
                            43.6809
                        ],
                        [
                            51.159183,
                            43.678526
                        ],
                        [
                            51.160821,
                            43.677065
                        ],
                        [
                            51.16206,
                            43.675953
                        ]
                    ]
                ]
            }
        },
        {
            "type": "Feature",
            "properties": {
                "name": "31 мкр",
                "osm_id": 327566242
            },
            "geometry": {
                "type": "Polygon",
                "coordinates": [
                    [
                        [
                            51.168786,
                            43.678907
                        ],
                        [
                            51.173106,
                            43.681153
                        ],
                        [
                            51.174616,
                            43.680498
                        ],
                        [
                            51.180166,
                            43.679656
                        ],
                        [
                            51.179758,
                            43.679027
                        ],
                        [
                            51.178316,
                            43.676285
                        ],
                        [
                            51.168786,
                            43.678907
                        ]
                    ]
                ]
            }
        },
        {
            "type": "Feature",
            "properties": {
                "name": "31А мкр",
                "osm_id": 327566355
            },
            "geometry": {
                "type": "Polygon",
                "coordinates": [
                    [
                        [
                            51.173247,
                            43.681374
                        ],
                        [
                            51.174501,
                            43.680827
                        ],
                        [
                            51.176706,
                            43.680164
                        ],
                        [
                            51.179756,
                            43.679247
                        ],
                        [
                            51.182172,
                            43.683806
                        ],
                        [
                            51.181601,
                            43.683973
                        ],
                        [
                            51.181363,
                            43.684007
                        ],
                        [
                            51.181092,
                            43.684031
                        ],
                        [
                            51.179495,
                            43.684338
                        ],
                        [
                            51.178865,
                            43.68453
                        ],
                        [
                            51.177762,
                            43.68497
                        ],
                        [
                            51.177005,
                            43.685253
                        ],
                        [
                            51.173247,
                            43.681374
                        ]
                    ]
                ]
            }
        },
        {
            "type": "Feature",
            "properties": {
                "name": "31Б мкр",
                "osm_id": 1177616909
            },
            "geometry": {
                "type": "Polygon",
                "coordinates": [
                    [
                        [
                            51.177206,
                            43.685505
                        ],
                        [
                            51.178413,
                            43.684916
                        ],
                        [
                            51.179494,
                            43.684541
                        ],
                        [
                            51.182302,
                            43.684195
                        ],
                        [
                            51.184254,
                            43.687891
                        ],
                        [
                            51.185265,
                            43.68917
                        ],
                        [
                            51.181221,
                            43.690399
                        ],
                        [
                            51.177206,
                            43.685505
                        ]
                    ]
                ]
            }
        },
        {
            "type": "Feature",
            "properties": {
                "name": "32 мкр",
                "osm_id": 327565639
            },
            "geometry": {
                "type": "Polygon",
                "coordinates": [
                    [
                        [
                            51.163239,
                            43.68478
                        ],
                        [
                            51.164169,
                            43.683793
                        ],
                        [
                            51.164713,
                            43.683214
                        ],
                        [
                            51.168351,
                            43.679351
                        ],
                        [
                            51.172521,
                            43.68147
                        ],
                        [
                            51.167117,
                            43.686851
                        ],
                        [
                            51.163239,
                            43.68478
                        ]
                    ]
                ]
            }
        },
        {
            "type": "Feature",
            "properties": {
                "name": "32А мкр",
                "osm_id": 327565969
            },
            "geometry": {
                "type": "Polygon",
                "coordinates": [
                    [
                        [
                            51.172746,
                            43.681567
                        ],
                        [
                            51.173103,
                            43.681757
                        ],
                        [
                            51.173732,
                            43.682209
                        ],
                        [
                            51.174401,
                            43.682756
                        ],
                        [
                            51.175031,
                            43.683436
                        ],
                        [
                            51.176537,
                            43.685421
                        ],
                        [
                            51.174716,
                            43.686816
                        ],
                        [
                            51.17378,
                            43.687736
                        ],
                        [
                            51.172324,
                            43.689597
                        ],
                        [
                            51.167482,
                            43.687053
                        ],
                        [
                            51.170802,
                            43.683496
                        ],
                        [
                            51.172746,
                            43.681567
                        ]
                    ]
                ]
            }
        },
        {
            "type": "Feature",
            "properties": {
                "name": "32Б мкр",
                "osm_id": 327566360
            },
            "geometry": {
                "type": "Polygon",
                "coordinates": [
                    [
                        [
                            51.17405,
                            43.687794
                        ],
                        [
                            51.174973,
                            43.686894
                        ],
                        [
                            51.177011,
                            43.685513
                        ],
                        [
                            51.17997,
                            43.689326
                        ],
                        [
                            51.180891,
                            43.690549
                        ],
                        [
                            51.180745,
                            43.69068
                        ],
                        [
                            51.180117,
                            43.691199
                        ],
                        [
                            51.17969,
                            43.691582
                        ],
                        [
                            51.178358,
                            43.69271
                        ],
                        [
                            51.17751,
                            43.692296
                        ],
                        [
                            51.176899,
                            43.691999
                        ],
                        [
                            51.176046,
                            43.691549
                        ],
                        [
                            51.172531,
                            43.689686
                        ],
                        [
                            51.17405,
                            43.687794
                        ]
                    ]
                ]
            }
        },
        {
            "type": "Feature",
            "properties": {
                "name": "32В мкр",
                "osm_id": 1227814348
            },
            "geometry": {
                "type": "Polygon",
                "coordinates": [
                    [
                        [
                            51.178566,
                            43.6928
                        ],
                        [
                            51.181344,
                            43.694163
                        ],
                        [
                            51.183844,
                            43.691604
                        ],
                        [
                            51.187923,
                            43.693693
                        ],
                        [
                            51.18994,
                            43.691805
                        ],
                        [
                            51.18626,
                            43.689816
                        ],
                        [
                            51.185591,
                            43.689373
                        ],
                        [
                            51.183742,
                            43.689816
                        ],
                        [
                            51.183293,
                            43.689977
                        ],
                        [
                            51.181892,
                            43.690434
                        ],
                        [
                            51.180861,
                            43.690911
                        ],
                        [
                            51.180211,
                            43.691355
                        ],
                        [
                            51.178566,
                            43.6928
                        ]
                    ]
                ]
            }
        },
        {
            "type": "Feature",
            "properties": {
                "name": "33 мкр",
                "osm_id": 415280740
            },
            "geometry": {
                "type": "Polygon",
                "coordinates": [
                    [
                        [
                            51.151975,
                            43.688096
                        ],
                        [
                            51.158892,
                            43.690412
                        ],
                        [
                            51.162762,
                            43.684762
                        ],
                        [
                            51.162335,
                            43.684544
                        ],
                        [
                            51.156266,
                            43.681429
                        ],
                        [
                            51.151975,
                            43.688096
                        ]
                    ]
                ]
            }
        },
        {
            "type": "Feature",
            "properties": {
                "name": "34 мкр",
                "osm_id": 579346260
            },
            "geometry": {
                "type": "Polygon",
                "coordinates": [
                    [
                        [
                            51.159139,
                            43.690506
                        ],
                        [
                            51.163802,
                            43.692216
                        ],
                        [
                            51.163867,
                            43.692122
                        ],
                        [
                            51.167086,
                            43.687059
                        ],
                        [
                            51.165147,
                            43.686014
                        ],
                        [
                            51.163855,
                            43.685341
                        ],
                        [
                            51.162972,
                            43.684882
                        ],
                        [
                            51.159139,
                            43.690506
                        ]
                    ]
                ]
            }
        },
        {
            "type": "Feature",
            "properties": {
                "name": "34А мкр",
                "osm_id": 579346261
            },
            "geometry": {
                "type": "Polygon",
                "coordinates": [
                    [
                        [
                            51.163802,
                            43.692216
                        ],
                        [
                            51.168568,
                            43.694099
                        ],
                        [
                            51.172347,
                            43.689714
                        ],
                        [
                            51.16707,
                            43.687182
                        ],
                        [
                            51.167036,
                            43.687234
                        ],
                        [
                            51.163867,
                            43.692122
                        ],
                        [
                            51.163802,
                            43.692216
                        ]
                    ]
                ]
            }
        },
        {
            "type": "Feature",
            "properties": {
                "name": "35 мкр",
                "osm_id": 579346262
            },
            "geometry": {
                "type": "Polygon",
                "coordinates": [
                    [
                        [
                            51.16771,
                            43.696357
                        ],
                        [
                            51.179293,
                            43.702293
                        ],
                        [
                            51.18033,
                            43.694049
                        ],
                        [
                            51.17686,
                            43.692327
                        ],
                        [
                            51.176837,
                            43.692238
                        ],
                        [
                            51.176894,
                            43.692127
                        ],
                        [
                            51.175754,
                            43.691544
                        ],
                        [
                            51.17238,
                            43.689804
                        ],
                        [
                            51.16771,
                            43.696357
                        ]
                    ]
                ]
            }
        },
        {
            "type": "Feature",
            "properties": {
                "name": "38 мкр",
                "osm_id": 1231299756
            },
            "geometry": {
                "type": "Polygon",
                "coordinates": [
                    [
                        [
                            51.163036,
                            43.692264
                        ],
                        [
                            51.158908,
                            43.690808
                        ],
                        [
                            51.156576,
                            43.694488
                        ],
                        [
                            51.16052,
                            43.69572
                        ],
                        [
                            51.163036,
                            43.692264
                        ]
                    ]
                ]
            }
        },
        {
            "type": "Feature",
            "properties": {
                "name": "39 мкр",
                "osm_id": 1352061393
            },
            "geometry": {
                "type": "Polygon",
                "coordinates": [
                    [
                        [
                            51.158647,
                            43.690675
                        ],
                        [
                            51.155165,
                            43.689566
                        ],
                        [
                            51.15336,
                            43.692406
                        ],
                        [
                            51.156717,
                            43.693732
                        ],
                        [
                            51.158647,
                            43.690675
                        ]
                    ]
                ]
            }
        }
    ]
}
